,cellType
GTGCTAGAAGCAAA-1,B_cells
CGTACCACGTCGTA-1,B_cells
AACACTCTTTCGGA-1,B_cells
CGATCAGATTGGTG-1,B_cells
TACTACTGTCGATG-1,B_cells
GATCTTACCCGCTT-1,B_cells
TACTTGACGGAGCA-1,B_cells
GGGTAACTCTCTCG-1,B_cells
TGAATAACTTCGCC-1,B_cells
AAGTCCGACTTGCC-1,B_cells
CTTACATGCAGATC-1,B_cells
CTACGGCTCCAGTA-1,B_cells
AAGACAGAAGATCC-1,B_cells
ACTGTGGATCCTAT-1,B_cells
TAGGTGTGTTCGTT-1,B_cells
ATTGTCTGGTTGAC-1,B_cells
TGGCACCTGGAAAT-1,B_cells
GTCGAATGGGACAG-1,B_cells
GCCAACCTCGAACT-1,B_cells
GAAGGGTGTACGCA-1,B_cells
GGCAATACTCACCC-1,B_cells
TCGACCTGTATCTC-1,B_cells
ATTCTGACTTTCAC-1,B_cells
CGAGGCTGTCAGTG-1,B_cells
TGACTTTGAACCGT-1,B_cells
ACGGGAGAAGGAGC-1,B_cells
ATTCCATGTGGTAC-1,B_cells
TAGGTGTGGTTTGG-1,B_cells
CTTATCGACTCTTA-1,B_cells
TGCTGAGATGGAGG-1,B_cells
TACGAGACTGAGCT-1,B_cells
GGACGAGATGAGAA-1,B_cells
TTGATCTGTCGTGA-1,B_cells
GTCTAGGAGAGGGT-1,B_cells
TTTAGAGACCTGTC-1,B_cells
TCGGCACTCCAAGT-1,B_cells
TGGAAAGATTGTCT-1,B_cells
CGGATAACCTGTAG-1,B_cells
GACCATGACCAAGT-1,B_cells
GTTAACCTACAGTC-1,B_cells
GACCCTACCCGATA-1,Monocyte
TGCGCACTACGCTA-1,Monocyte
ACAAGAGATTATCC-1,Monocyte
GAGATGCTTATCTC-1,Monocyte
CAGCTCACCGCAAT-1,Monocyte
CCTGCAACCATGCA-1,Monocyte
TCATCAACTGCTAG-1,Monocyte
TGAGTCGACTTGGA-1,Monocyte
CTCTAAACTTTACC-1,Monocyte
GAACGTTGTTACCT-1,Monocyte
CATTGTTGACGTTG-1,Monocyte
GTTACGGAAACGAA-1,Monocyte
TCAGGATGTTAGGC-1,Monocyte
CACTAACTAGAGAT-1,Monocyte
CAGTTTACTGCCTC-1,Monocyte
CGAAGGGAGGTTTG-1,Monocyte
CAAGAAGATCCAAG-1,Monocyte
TTTCAGTGTCCTGC-1,Monocyte
ATTGCGGACGTTGA-1,Monocyte
AACCAGTGGACACT-1,Monocyte
ATACAATGATTGGC-1,Monocyte
CCTGACTGCCGTTC-1,Monocyte
CCCATGTGACACGT-1,Monocyte
GCTACGCTAGTGTC-1,Monocyte
GTAGTCGATCAGAC-1,Monocyte
ATTCAGCTTCGCAA-1,Monocyte
AGCGAACTAGCGTT-1,Monocyte
ATCACACTCCTAAG-1,Monocyte
ACAATAACAATGCC-1,Monocyte
GCCACGGATCACGA-1,Monocyte
ATTATGGAGCGTTA-1,Monocyte
CTTAGGGATATCTC-1,Monocyte
GAAGTCTGGCAGTT-1,Monocyte
CTATCCCTTACGCA-1,Monocyte
TTCATTCTTCTATC-1,Monocyte
TGTAGGTGGTAGGG-1,Monocyte
CAAATTGACCCTCA-1,Monocyte
TAACTCACAACGTC-1,Monocyte
AGCCGGACTGGATC-1,Monocyte
GGCACGTGGCGAGA-1,Monocyte
TACGAGTGTCGCTC-1,T_cell/_t_helper
CTCCGAACCTCATT-1,T_cell/_t_helper
CGACGTCTGTCATG-1,T_cell/_t_helper
GTAGGTACCAGTCA-1,T_cell/_t_helper
GCACCTACATGTGC-1,T_cell/_t_helper
AGTGAAGAGGGTGA-1,T_cell/_t_helper
GCTACGCTGAGGTG-1,T_cell/_t_helper
CATCTTGACTACCC-1,T_cell/_t_helper
GGCCCAGAGTGCAT-1,T_cell/_t_helper
GATTTGCTTTCCCG-1,T_cell/_t_helper
GCACTAGAGGAACG-1,T_cell/_t_helper
CAGCTCACTAGACC-1,T_cell/_t_helper
CACTTATGCACTAG-1,T_cell/_t_helper
CTATCCCTGTTAGC-1,T_cell/_t_helper
ACTTGTACTAGAGA-1,T_cell/_t_helper
ATGCTTTGAGAAGT-1,T_cell/_t_helper
TGAACCGAGTCTTT-1,T_cell/_t_helper
AGAAGATGCCTTTA-1,T_cell/_t_helper
ACGATCGAACTTTC-1,T_cell/_t_helper
TCTTCAGAATTCGG-1,T_cell/_t_helper
TTCGTATGAAAAGC-1,T_cell/_t_helper
TGACTGGACCTAAG-1,T_cell/_t_helper
ATGTCACTGTACCA-1,T_cell/_t_helper
ATGGTGACTTTCGT-1,T_cell/_t_helper
AGGGACGACTGACA-1,T_cell/_t_helper
AAACGGCTTTTGTC-1,T_cell/_t_helper
TTCCATGAACGGGA-1,T_cell/_t_helper
CGCCATACTGCCAA-1,T_cell/_t_helper
AGGTTCGACACAAC-1,T_cell/_t_helper
GAGATCACCGTCTC-1,T_cell/_t_helper
CTTCACCTTTGCGA-1,T_cell/_t_helper
CCAAGATGACTAGC-1,T_cell/_t_helper
AAATTGACCTCAAG-1,T_cell/_t_helper
TGTAGTCTAAGATG-1,T_cell/_t_helper
GGCCACGATTCCCG-1,T_cell/_t_helper
CAGTTTACCTCCCA-1,T_cell/_t_helper
GCTAGATGGATACC-1,T_cell/_t_helper
GTTAGGTGCGGGAA-1,T_cell/_t_helper
GTGACCCTTCGTAG-1,T_cell/_t_helper
GGGTAACTGGTACT-1,T_cell/_t_helper
ATGTTCACACCCTC-1,Nk_cell
CAGCACCTAAACGA-1,Nk_cell
CGCACTTGTTTACC-1,Nk_cell
AACCTTACTTGTGG-1,Nk_cell
CGCTACACAGATGA-1,Nk_cell
GAGATAGATTGTGG-1,Nk_cell
GAGTGGGACTCTAT-1,Nk_cell
CCTACCGAAGAGGC-1,Nk_cell
CGCCTAACTTGTGG-1,Nk_cell
GTCTGAGACTGACA-1,Nk_cell
ATAGGCTGAAAGCA-1,Nk_cell
GCAGCTCTTAGACC-1,Nk_cell
AGAACGCTACCTCC-1,Nk_cell
ATATGCCTTCATTC-1,Nk_cell
CAGTGATGAAGTGA-1,Nk_cell
AGGACTTGTCTCTA-1,Nk_cell
CCCGAACTCGTTAG-1,Nk_cell
ACTTCCCTCTCAGA-1,Nk_cell
AGACTCGATGGAAA-1,Nk_cell
TTCAACACCTAAGC-1,Nk_cell
GAGTACACCCGTAA-1,Nk_cell
TACGCCACCTGTAG-1,Nk_cell
CAAGTCGATCACCC-1,Nk_cell
CAGAAGCTGGAAAT-1,Nk_cell
GCCTAGCTTGAGCT-1,Nk_cell
TACGCGCTTCTAGG-1,Nk_cell
CCGCTATGTCTCAT-1,Nk_cell
ACGTTACTCGAACT-1,Nk_cell
CTACGGCTCGTTGA-1,Nk_cell
TAATGAACCTTCTA-1,Nk_cell
ATCACTACAATGCC-1,Nk_cell
ACGGTCCTCTATTC-1,Nk_cell
GAGGCCACGAGCTT-1,Nk_cell
ACCACAGACCTAAG-1,Nk_cell
GAGCGCACTATCGG-1,Nk_cell
GGCTCACTGCAGTT-1,Nk_cell
CTCGAAGATCGTAG-1,Nk_cell
TCATCCCTAGTAGA-1,Nk_cell
AAGTTATGCCATAG-1,Nk_cell
CACAGAACCTATTC-1,Nk_cell
GTGATTCTGTTCTT-1,T_cell/Cytotoxic
CACTCTCTCTTAGG-1,T_cell/Cytotoxic
CATGGATGATAAGG-1,T_cell/Cytotoxic
GGCCGAACGAACTC-1,T_cell/Cytotoxic
AACACTCTCAATCG-1,T_cell/Cytotoxic
TAGAGCACAGCAAA-1,T_cell/Cytotoxic
ATTGGTCTGAGATA-1,T_cell/Cytotoxic
CAAGTCGACTTAGG-1,T_cell/Cytotoxic
AATCAAACCGCATA-1,T_cell/Cytotoxic
GTGATCGAGTTGGT-1,T_cell/Cytotoxic
TGGCAATGGTTAGC-1,T_cell/Cytotoxic
TGCCAGCTGAGGAC-1,T_cell/Cytotoxic
ACGAAGCTCCTTGC-1,T_cell/Cytotoxic
GACAACACGGTGAG-1,T_cell/Cytotoxic
GTAAGCTGAGACTC-1,T_cell/Cytotoxic
GATATTGAATGTCG-1,T_cell/Cytotoxic
AGTCCAGAAAGCAA-1,T_cell/Cytotoxic
GCACGGACTGTCCC-1,T_cell/Cytotoxic
AAGACAGAAGGTCT-1,T_cell/Cytotoxic
ACGTGATGCTGTGA-1,T_cell/Cytotoxic
TGTGATCTTTTGTC-1,T_cell/Cytotoxic
AAGTAGGATTCCAT-1,T_cell/Cytotoxic
CGGACCGATGAGGG-1,T_cell/Cytotoxic
CACTGCTGGCTATG-1,T_cell/Cytotoxic
GCGTACCTTCCAAG-1,T_cell/Cytotoxic
GATTTAGATCAGTG-1,T_cell/Cytotoxic
CTTAGACTGACGTT-1,T_cell/Cytotoxic
GTATCTACTCAGAC-1,T_cell/Cytotoxic
ATTAGTGACCTCCA-1,T_cell/Cytotoxic
CGATCAGAGTCGTA-1,T_cell/Cytotoxic
TATGCGGAGGTAGG-1,T_cell/Cytotoxic
TGTAGGTGTGAGCT-1,T_cell/Cytotoxic
TGACTTACAGTCAC-1,T_cell/Cytotoxic
TTGCATTGTTTGTC-1,T_cell/Cytotoxic
CTTTGATGCAAAGA-1,T_cell/Cytotoxic
AATGCGTGGTCTAG-1,T_cell/Cytotoxic
CTCCACGACGAATC-1,T_cell/Cytotoxic
CTTAAAGATTAGGC-1,T_cell/Cytotoxic
ACGCAATGTTACCT-1,T_cell/Cytotoxic
CATGGATGTGCCAA-1,T_cell/Cytotoxic
GTGACAACTTCTCA-1,T_cell/Memory
ACTGCCTGTTGGTG-1,T_cell/Memory
TCTCAAACAAAGTG-1,T_cell/Memory
TATCGACTTTGCAG-1,T_cell/Memory
CCCGAACTTTTCTG-1,T_cell/Memory
CCCTAGTGTGTGAC-1,T_cell/Memory
GTCTAACTACGGGA-1,T_cell/Memory
TAAATCGATCCCAC-1,T_cell/Memory
TAGGCTGATATGCG-1,T_cell/Memory
GAGGACGAATGGTC-1,T_cell/Memory
TATTGCTGAGTACC-1,T_cell/Memory
ATGGGTACAACCTG-1,T_cell/Memory
CTAGTTACCAGTCA-1,T_cell/Memory
CTAACACTAAGCAA-1,T_cell/Memory
CCCTAGTGTCTTAC-1,T_cell/Memory
TAACACCTAGAGAT-1,T_cell/Memory
TACGGAACTAGACC-1,T_cell/Memory
GCTCACTGTCTTCA-1,T_cell/Memory
GCTACAGACGTTAG-1,T_cell/Memory
AGCGAACTAACCAC-1,T_cell/Memory
AGGTACTGAGAGAT-1,T_cell/Memory
GCCCATACGTCGAT-1,T_cell/Memory
AGAAGATGCAGAAA-1,T_cell/Memory
GATTCTACCTGAGT-1,T_cell/Memory
AAACATTGATCACG-1,T_cell/Memory
AATCAAACCTTACT-1,T_cell/Memory
CTCAGGCTCAGATC-1,T_cell/Memory
TCGTGAGACTTGCC-1,T_cell/Memory
TTTCGAACTCTTCA-1,T_cell/Memory
GCGATATGGGCAAG-1,T_cell/Memory
ATTCCAACTTGTCT-1,T_cell/Memory
GTCACAGATCCGTC-1,T_cell/Memory
TATCAGCTGAAAGT-1,T_cell/Memory
GACCTCTGACCATG-1,T_cell/Memory
CTTCATGAGACGAG-1,T_cell/Memory
CCAGCTACCTCCCA-1,T_cell/Memory
TAGTAAACAGGTTC-1,T_cell/Memory
GCCTAGCTAACTGC-1,T_cell/Memory
TACGAGTGGGACAG-1,T_cell/Memory
TTAACCACAGTCAC-1,T_cell/Memory
CGCCATTGTCTCCG-1,T_cell/Naive
TCTTGATGGCTTCC-1,T_cell/Naive
AGCAACACACCCAA-1,T_cell/Naive
AACCACGAAGCGGA-1,T_cell/Naive
CCAGATGACAGATC-1,T_cell/Naive
CATGGCCTAGCCTA-1,T_cell/Naive
AGACGTACGTATCG-1,T_cell/Naive
ATGTCGGATCGTTT-1,T_cell/Naive
TGGTATCTTGTCTT-1,T_cell/Naive
ATGAGCACCCAACA-1,T_cell/Naive
GCCTGACTTAGAGA-1,T_cell/Naive
ATCATGCTAAACAG-1,T_cell/Naive
CTTTAGACGGCAAG-1,T_cell/Naive
TAAGTAACGGTAGG-1,T_cell/Naive
CCGTAAGAACGCTA-1,T_cell/Naive
TCAGAGACGTCGTA-1,T_cell/Naive
AAGGTCACTTGACG-1,T_cell/Naive
CTACCTCTCGTGAT-1,T_cell/Naive
TGATAAACTAGACC-1,T_cell/Naive
ACATGGTGAATGCC-1,T_cell/Naive
CCAGACCTACCACA-1,T_cell/Naive
GTACCCTGAGACTC-1,T_cell/Naive
GGATTTCTTGGAGG-1,T_cell/Naive
AGACTTCTGCGGAA-1,T_cell/Naive
ATACTCTGGGGTGA-1,T_cell/Naive
TAAATGTGGTACAC-1,T_cell/Naive
TAAACAACTGGTAC-1,T_cell/Naive
GATAATACCCACAA-1,T_cell/Naive
CGACTCACGCTATG-1,T_cell/Naive
TGGAGACTCAACTG-1,T_cell/Naive
TGACTTACTTCATC-1,T_cell/Naive
GTGCAAACATGCCA-1,T_cell/Naive
TAGCATCTCACACA-1,T_cell/Naive
TTCTAGTGTGGTTG-1,T_cell/Naive
TTCAACACTTTCAC-1,T_cell/Naive
GAGTACACCGAGAG-1,T_cell/Naive
CCGATAGATTCCGC-1,T_cell/Naive
ATTGGTCTTTTCTG-1,T_cell/Naive
CCAATTTGTCACCC-1,T_cell/Naive
TGAGGACTGTACAC-1,T_cell/Naive
GCGTACCTAGCGTT-1,T_cell/Regulatory
CTACAACTGCGTTA-1,T_cell/Regulatory
AAGGCTTGATTTCC-1,T_cell/Regulatory
CGTCAAGAACCCTC-1,T_cell/Regulatory
GGACCCGAGGAAGC-1,T_cell/Regulatory
TTTCAGTGTCCCAC-1,T_cell/Regulatory
TGCAATCTGAGCAG-1,T_cell/Regulatory
GTGGATTGAAGATG-1,T_cell/Regulatory
AGAGCTACTCCCAC-1,T_cell/Regulatory
GAGCGAGATGGAGG-1,T_cell/Regulatory
CAATATGATTGGCA-1,T_cell/Regulatory
GGCCGAACTTAGGC-1,T_cell/Regulatory
TAGCCCACTTCTGT-1,T_cell/Regulatory
AAGTGCACGCATCA-1,T_cell/Regulatory
GTCCACTGCTTGAG-1,T_cell/Regulatory
AACTACCTCAGCTA-1,T_cell/Regulatory
AGCCGGTGCCTACC-1,T_cell/Regulatory
GCTCGACTTACTTC-1,T_cell/Regulatory
CGTTTAACCTCTTA-1,T_cell/Regulatory
GTCGAATGCCCTTG-1,T_cell/Regulatory
ATTGCTACCCACAA-1,T_cell/Regulatory
ATCTTTCTGCGATT-1,T_cell/Regulatory
TTCATGTGCCTCCA-1,T_cell/Regulatory
GATATCCTCTCTCG-1,T_cell/Regulatory
AAACATTGACCAGT-1,T_cell/Regulatory
GACCTCTGATTCGG-1,T_cell/Regulatory
GCAGGCACAAAACG-1,T_cell/Regulatory
ATGCACGAGAGGCA-1,T_cell/Regulatory
ACTAGGTGACACGT-1,T_cell/Regulatory
GGATTTCTCGTGAT-1,T_cell/Regulatory
CCAACCTGAAAAGC-1,T_cell/Regulatory
GCACCTTGTCCAGA-1,T_cell/Regulatory
CACTAACTAAGAAC-1,T_cell/Regulatory
ATGCAGACTCAGTG-1,T_cell/Regulatory
CCGGAGACCGTTAG-1,T_cell/Regulatory
TTATGGCTGTATCG-1,T_cell/Regulatory
CGGGACTGTGGTGT-1,T_cell/Regulatory
TCATTCGACGTGTA-1,T_cell/Regulatory
CTTGAGGATGTGAC-1,T_cell/Regulatory
TCATGTACGGTACT-1,T_cell/Regulatory
