"";"x"
"1";"DC:monocyte-derived:immature"
"2";"DC:monocyte-derived:immature"
"3";"DC:monocyte-derived:immature"
"4";"DC:monocyte-derived:Galectin-1"
"5";"DC:monocyte-derived:Galectin-1"
"6";"DC:monocyte-derived:Galectin-1"
"7";"DC:monocyte-derived:LPS"
"8";"DC:monocyte-derived:LPS"
"9";"DC:monocyte-derived:LPS"
"10";"DC:monocyte-derived"
"11";"DC:monocyte-derived"
"12";"DC:monocyte-derived"
"13";"Smooth_muscle_cells:bronchial:vit_D"
"14";"Smooth_muscle_cells:bronchial:vit_D"
"15";"Smooth_muscle_cells:bronchial:vit_D"
"16";"Smooth_muscle_cells:bronchial"
"17";"Smooth_muscle_cells:bronchial"
"18";"Smooth_muscle_cells:bronchial"
"19";"Epithelial_cells:bronchial"
"20";"Epithelial_cells:bronchial"
"21";"Epithelial_cells:bronchial"
"22";"Epithelial_cells:bronchial"
"23";"Epithelial_cells:bronchial"
"24";"Epithelial_cells:bronchial"
"25";"Epithelial_cells:bronchial"
"26";"Epithelial_cells:bronchial"
"27";"Epithelial_cells:bronchial"
"28";"Epithelial_cells:bronchial"
"29";"B_cell"
"30";"B_cell"
"31";"B_cell"
"32";"B_cell"
"33";"Neutrophil"
"34";"Neutrophil"
"35";"Neutrophil"
"36";"T_cell:CD8+_Central_memory"
"37";"T_cell:CD8+_Central_memory"
"38";"T_cell:CD8+_Central_memory"
"39";"T_cell:CD8+"
"40";"T_cell:CD4+"
"41";"T_cell:CD8+"
"42";"T_cell:CD4+"
"43";"T_cell:CD8+"
"44";"T_cell:CD8+"
"45";"T_cell:CD8+"
"46";"T_cell:CD4+"
"47";"T_cell:CD8+"
"48";"T_cell:CD8+_effector_memory_RA"
"49";"T_cell:CD8+_effector_memory_RA"
"50";"T_cell:CD8+_effector_memory_RA"
"51";"T_cell:CD8+_effector_memory_RA"
"52";"T_cell:CD8+_effector_memory"
"53";"T_cell:CD8+_effector_memory"
"54";"T_cell:CD8+_effector_memory"
"55";"T_cell:CD8+_effector_memory"
"56";"T_cell:CD8+_naive"
"57";"T_cell:CD8+_naive"
"58";"T_cell:CD8+_naive"
"59";"T_cell:CD8+_naive"
"60";"Monocyte"
"61";"Monocyte"
"62";"Monocyte"
"63";"Monocyte"
"64";"Monocyte"
"65";"Monocyte"
"66";"Erythroblast"
"67";"Erythroblast"
"68";"Erythroblast"
"69";"Erythroblast"
"70";"Erythroblast"
"71";"Erythroblast"
"72";"Erythroblast"
"73";"Erythroblast"
"74";"BM"
"75";"DC:monocyte-derived"
"76";"DC:monocyte-derived:rosiglitazone"
"77";"DC:monocyte-derived:AM580"
"78";"DC:monocyte-derived"
"79";"DC:monocyte-derived:rosiglitazone"
"80";"DC:monocyte-derived:AM580"
"81";"DC:monocyte-derived:rosiglitazone/AGN193109"
"82";"DC:monocyte-derived"
"83";"DC:monocyte-derived:rosiglitazone"
"84";"DC:monocyte-derived:AM580"
"85";"DC:monocyte-derived:rosiglitazone/AGN193109"
"86";"Monocyte"
"87";"Monocyte"
"88";"Monocyte"
"89";"Monocyte"
"90";"Monocyte"
"91";"Monocyte"
"92";"DC:monocyte-derived"
"93";"DC:monocyte-derived"
"94";"DC:monocyte-derived"
"95";"DC:monocyte-derived:anti-DC-SIGN_2h"
"96";"DC:monocyte-derived:anti-DC-SIGN_2h"
"97";"DC:monocyte-derived:anti-DC-SIGN_2h"
"98";"Endothelial_cells:HUVEC"
"99";"Endothelial_cells:HUVEC:Borrelia_burgdorferi"
"100";"Endothelial_cells:HUVEC:Borrelia_burgdorferi"
"101";"Endothelial_cells:HUVEC:IFNg"
"102";"Endothelial_cells:lymphatic"
"103";"Endothelial_cells:HUVEC"
"104";"Endothelial_cells:HUVEC"
"105";"Endothelial_cells:HUVEC:Serum_Amyloid_A"
"106";"Endothelial_cells:HUVEC:Serum_Amyloid_A"
"107";"Endothelial_cells:HUVEC:Serum_Amyloid_A"
"108";"Endothelial_cells:HUVEC:Serum_Amyloid_A"
"109";"Endothelial_cells:HUVEC:Serum_Amyloid_A"
"110";"Endothelial_cells:HUVEC:Serum_Amyloid_A"
"111";"Endothelial_cells:lymphatic"
"112";"Endothelial_cells:lymphatic"
"113";"Endothelial_cells:lymphatic:TNFa_48h"
"114";"Endothelial_cells:lymphatic:TNFa_48h"
"115";"Endothelial_cells:lymphatic:TNFa_48h"
"116";"T_cell:effector"
"117";"T_cell:effector"
"118";"T_cell:effector"
"119";"T_cell:effector"
"120";"T_cell:CCR10+CLA+1,25(OH)2_vit_D3/IL-12"
"121";"T_cell:CCR10-CLA+1,25(OH)2_vit_D3/IL-12"
"122";"Gametocytes:spermatocyte"
"123";"Gametocytes:spermatocyte"
"124";"DC:monocyte-derived"
"125";"DC:monocyte-derived:A._fumigatus_germ_tubes_6h"
"126";"DC:monocyte-derived"
"127";"DC:monocyte-derived:A._fumigatus_germ_tubes_6h"
"128";"Neurons:ES_cell-derived_neural_precursor"
"129";"Neurons:ES_cell-derived_neural_precursor"
"130";"Neurons:ES_cell-derived_neural_precursor"
"131";"Neurons:ES_cell-derived_neural_precursor"
"132";"Neurons:ES_cell-derived_neural_precursor"
"133";"Neurons:ES_cell-derived_neural_precursor"
"134";"Keratinocytes"
"135";"Keratinocytes"
"136";"Keratinocytes"
"137";"Keratinocytes:IL19"
"138";"Keratinocytes:IL19"
"139";"Keratinocytes:IL19"
"140";"Keratinocytes:IL20"
"141";"Keratinocytes:IL20"
"142";"Keratinocytes:IL20"
"143";"Keratinocytes:IL22"
"144";"Keratinocytes:IL22"
"145";"Keratinocytes:IL22"
"146";"Keratinocytes:IL24"
"147";"Keratinocytes:IL24"
"148";"Keratinocytes:IL24"
"149";"Keratinocytes:IL26"
"150";"Keratinocytes:IL26"
"151";"Keratinocytes:IL26"
"152";"Keratinocytes:KGF"
"153";"Keratinocytes:KGF"
"154";"Keratinocytes:KGF"
"155";"Keratinocytes:IFNg"
"156";"Keratinocytes:IFNg"
"157";"Keratinocytes:IL1b"
"158";"Keratinocytes:IL1b"
"159";"HSC_-G-CSF"
"160";"HSC_-G-CSF"
"161";"HSC_-G-CSF"
"162";"HSC_-G-CSF"
"163";"HSC_-G-CSF"
"164";"HSC_-G-CSF"
"165";"HSC_-G-CSF"
"166";"HSC_-G-CSF"
"167";"HSC_-G-CSF"
"168";"HSC_-G-CSF"
"169";"DC:monocyte-derived:immature"
"170";"DC:monocyte-derived:immature"
"171";"DC:monocyte-derived:immature"
"172";"DC:monocyte-derived:immature"
"173";"DC:monocyte-derived:immature"
"174";"DC:monocyte-derived:immature"
"175";"DC:monocyte-derived:mature"
"176";"DC:monocyte-derived:immature"
"177";"DC:monocyte-derived:mature"
"178";"DC:monocyte-derived:mature"
"179";"DC:monocyte-derived:mature"
"180";"DC:monocyte-derived:mature"
"181";"DC:monocyte-derived:mature"
"182";"DC:monocyte-derived:mature"
"183";"DC:monocyte-derived:immature"
"184";"DC:monocyte-derived:immature"
"185";"DC:monocyte-derived:immature"
"186";"DC:monocyte-derived:immature"
"187";"DC:monocyte-derived:immature"
"188";"DC:monocyte-derived:immature"
"189";"Monocyte"
"190";"Monocyte:anti-FcgRIIB"
"191";"Monocyte"
"192";"Monocyte"
"193";"Monocyte:anti-FcgRIIB"
"194";"Macrophage:monocyte-derived:IL-4/cntrl"
"195";"Macrophage:monocyte-derived:IL-4/cntrl"
"196";"Macrophage:monocyte-derived:IL-4/cntrl"
"197";"Macrophage:monocyte-derived:IL-4/cntrl"
"198";"Macrophage:monocyte-derived:IL-4/cntrl"
"199";"Macrophage:monocyte-derived:IL-4/Dex/cntrl"
"200";"Macrophage:monocyte-derived:IL-4/Dex/cntrl"
"201";"Macrophage:monocyte-derived:IL-4/Dex/cntrl"
"202";"Macrophage:monocyte-derived:IL-4/Dex/cntrl"
"203";"Macrophage:monocyte-derived:IL-4/Dex/cntrl"
"204";"Macrophage:monocyte-derived:IL-4/Dex/TGFb"
"205";"Macrophage:monocyte-derived:IL-4/Dex/TGFb"
"206";"Macrophage:monocyte-derived:IL-4/Dex/TGFb"
"207";"Macrophage:monocyte-derived:IL-4/Dex/TGFb"
"208";"Macrophage:monocyte-derived:IL-4/Dex/TGFb"
"209";"Macrophage:monocyte-derived:IL-4/Dex/TGFb"
"210";"Macrophage:monocyte-derived:IL-4/Dex/TGFb"
"211";"Macrophage:monocyte-derived:IL-4/Dex/TGFb"
"212";"Macrophage:monocyte-derived:IL-4/Dex/TGFb"
"213";"Macrophage:monocyte-derived:IL-4/Dex/TGFb"
"214";"Macrophage:monocyte-derived:IL-4/TGFb"
"215";"Macrophage:monocyte-derived:IL-4/TGFb"
"216";"Macrophage:monocyte-derived:IL-4/TGFb"
"217";"Macrophage:monocyte-derived:IL-4/TGFb"
"218";"Macrophage:monocyte-derived:IL-4/TGFb"
"219";"Monocyte"
"220";"Monocyte"
"221";"Monocyte"
"222";"Monocyte"
"223";"Monocyte:leukotriene_D4"
"224";"Monocyte:leukotriene_D4"
"225";"Monocyte:leukotriene_D4"
"226";"Monocyte:leukotriene_D4"
"227";"NK_cell"
"228";"NK_cell:IL2"
"229";"NK_cell:IL2"
"230";"NK_cell:IL2"
"231";"Embryonic_stem_cells"
"232";"Embryonic_stem_cells"
"233";"Tissue_stem_cells:iliac_MSC"
"234";"Tissue_stem_cells:iliac_MSC"
"235";"Tissue_stem_cells:iliac_MSC"
"236";"Chondrocytes:MSC-derived"
"237";"Chondrocytes:MSC-derived"
"238";"Chondrocytes:MSC-derived"
"239";"Osteoblasts"
"240";"Osteoblasts"
"241";"Osteoblasts"
"242";"Tissue_stem_cells:BM_MSC"
"243";"Tissue_stem_cells:BM_MSC"
"244";"Tissue_stem_cells:BM_MSC"
"245";"Osteoblasts"
"246";"Osteoblasts"
"247";"Osteoblasts"
"248";"Osteoblasts:BMP2"
"249";"Osteoblasts:BMP2"
"250";"Osteoblasts:BMP2"
"251";"Osteoblasts"
"252";"Osteoblasts"
"253";"Osteoblasts"
"254";"Osteoblasts:BMP2"
"255";"Osteoblasts:BMP2"
"256";"Osteoblasts:BMP2"
"257";"Tissue_stem_cells:BM_MSC"
"258";"Tissue_stem_cells:BM_MSC"
"259";"Tissue_stem_cells:BM_MSC"
"260";"Tissue_stem_cells:BM_MSC"
"261";"Tissue_stem_cells:BM_MSC"
"262";"Tissue_stem_cells:BM_MSC:BMP2"
"263";"Tissue_stem_cells:BM_MSC:BMP2"
"264";"Tissue_stem_cells:BM_MSC:BMP2"
"265";"Tissue_stem_cells:BM_MSC:BMP2"
"266";"Tissue_stem_cells:BM_MSC:BMP2"
"267";"Tissue_stem_cells:BM_MSC:BMP2"
"268";"Tissue_stem_cells:BM_MSC:BMP2"
"269";"Tissue_stem_cells:BM_MSC:BMP2"
"270";"Tissue_stem_cells:BM_MSC:BMP2"
"271";"Tissue_stem_cells:BM_MSC:BMP2"
"272";"Tissue_stem_cells:BM_MSC:BMP2"
"273";"Tissue_stem_cells:BM_MSC:BMP2"
"274";"Tissue_stem_cells:BM_MSC:TGFb3"
"275";"Tissue_stem_cells:BM_MSC:TGFb3"
"276";"Tissue_stem_cells:BM_MSC:TGFb3"
"277";"Tissue_stem_cells:BM_MSC:TGFb3"
"278";"Tissue_stem_cells:BM_MSC:TGFb3"
"279";"Tissue_stem_cells:BM_MSC:TGFb3"
"280";"Tissue_stem_cells:BM_MSC:TGFb3"
"281";"Tissue_stem_cells:BM_MSC:TGFb3"
"282";"Tissue_stem_cells:BM_MSC:TGFb3"
"283";"Tissue_stem_cells:BM_MSC:TGFb3"
"284";"Tissue_stem_cells:BM_MSC:TGFb3"
"285";"DC:monocyte-derived"
"286";"DC:monocyte-derived:LPS"
"287";"DC:monocyte-derived:LPS"
"288";"DC:monocyte-derived:LPS"
"289";"DC:monocyte-derived:Poly(IC)"
"290";"DC:monocyte-derived:Poly(IC)"
"291";"DC:monocyte-derived:Poly(IC)"
"292";"DC:monocyte-derived:CD40L"
"293";"DC:monocyte-derived:CD40L"
"294";"DC:monocyte-derived:CD40L"
"295";"DC:monocyte-derived:Schuler_treatment"
"296";"DC:monocyte-derived:Schuler_treatment"
"297";"DC:monocyte-derived:Schuler_treatment"
"298";"DC:monocyte-derived"
"299";"DC:monocyte-derived"
"300";"DC:monocyte-derived:antiCD40/VAF347"
"301";"DC:monocyte-derived:antiCD40/VAF347"
"302";"Tissue_stem_cells:dental_pulp"
"303";"Tissue_stem_cells:dental_pulp"
"304";"Tissue_stem_cells:dental_pulp"
"305";"Tissue_stem_cells:dental_pulp"
"306";"Tissue_stem_cells:dental_pulp"
"307";"Tissue_stem_cells:dental_pulp"
"308";"T_cell:CD4+_central_memory"
"309";"T_cell:CD4+_central_memory"
"310";"T_cell:CD4+_central_memory"
"311";"T_cell:CD4+_central_memory"
"312";"T_cell:CD4+_central_memory"
"313";"T_cell:CD4+_effector_memory"
"314";"T_cell:CD4+_effector_memory"
"315";"T_cell:CD4+_effector_memory"
"316";"T_cell:CD4+_effector_memory"
"317";"T_cell:CD4+_Naive"
"318";"T_cell:CD4+_Naive"
"319";"T_cell:CD4+_Naive"
"320";"T_cell:CD4+_Naive"
"321";"DC:monocyte-derived:mature"
"322";"DC:monocyte-derived:mature"
"323";"DC:monocyte-derived:mature"
"324";"DC:monocyte-derived:mature"
"325";"DC:monocyte-derived:immature"
"326";"DC:monocyte-derived:immature"
"327";"DC:monocyte-derived:immature"
"328";"DC:monocyte-derived:immature"
"329";"Smooth_muscle_cells:vascular"
"330";"Smooth_muscle_cells:vascular:IL-17"
"331";"Smooth_muscle_cells:vascular"
"332";"Smooth_muscle_cells:vascular:IL-17"
"333";"Smooth_muscle_cells:vascular"
"334";"Smooth_muscle_cells:vascular:IL-17"
"335";"BM"
"336";"BM"
"337";"BM"
"338";"BM"
"339";"BM"
"340";"BM"
"341";"BM"
"342";"Platelets"
"343";"Platelets"
"344";"Platelets"
"345";"Platelets"
"346";"Platelets"
"347";"Epithelial_cells:bladder"
"348";"Epithelial_cells:bladder"
"349";"Epithelial_cells:bladder"
"350";"Epithelial_cells:bladder"
"351";"Epithelial_cells:bladder"
"352";"Epithelial_cells:bladder"
"353";"Macrophage:monocyte-derived"
"354";"Macrophage:monocyte-derived:M-CSF"
"355";"Macrophage:monocyte-derived:M-CSF/IFNg"
"356";"Macrophage:monocyte-derived:M-CSF/Pam3Cys"
"357";"Macrophage:monocyte-derived:M-CSF/IFNg/Pam3Cys"
"358";"Macrophage:monocyte-derived"
"359";"Macrophage:monocyte-derived:M-CSF"
"360";"Macrophage:monocyte-derived:M-CSF/IFNg"
"361";"Macrophage:monocyte-derived:M-CSF/Pam3Cys"
"362";"Macrophage:monocyte-derived:M-CSF/IFNg/Pam3Cys"
"363";"Macrophage:monocyte-derived:IFNa"
"364";"Macrophage:monocyte-derived:IFNa"
"365";"Macrophage:monocyte-derived:IFNa"
"366";"Macrophage:monocyte-derived:IFNa"
"367";"Macrophage:monocyte-derived:IFNa"
"368";"Macrophage:monocyte-derived:IFNa"
"369";"Macrophage:monocyte-derived"
"370";"Macrophage:monocyte-derived"
"371";"Macrophage:monocyte-derived"
"372";"Macrophage:monocyte-derived"
"373";"Macrophage:monocyte-derived"
"374";"Macrophage:monocyte-derived"
"375";"Gametocytes:oocyte"
"376";"Gametocytes:oocyte"
"377";"Gametocytes:oocyte"
"378";"Monocyte"
"379";"Monocyte"
"380";"Monocyte:F._tularensis_novicida"
"381";"Monocyte"
"382";"Monocyte:F._tularensis_novicida"
"383";"Monocyte"
"384";"Monocyte:F._tularensis_novicida"
"385";"Monocyte"
"386";"Monocyte:F._tularensis_novicida"
"387";"Monocyte"
"388";"Monocyte:F._tularensis_novicida"
"389";"Monocyte:F._tularensis_novicida"
"390";"Endothelial_cells:HUVEC"
"391";"Endothelial_cells:HUVEC"
"392";"Endothelial_cells:HUVEC:B._anthracis_LT"
"393";"Endothelial_cells:HUVEC:B._anthracis_LT"
"394";"B_cell:Germinal_center"
"395";"B_cell:Germinal_center"
"396";"B_cell:Germinal_center"
"397";"B_cell:Plasma_cell"
"398";"B_cell:Plasma_cell"
"399";"B_cell:Plasma_cell"
"400";"B_cell:Naive"
"401";"B_cell:Naive"
"402";"B_cell:Naive"
"403";"B_cell:Memory"
"404";"B_cell:Memory"
"405";"B_cell:Memory"
"406";"DC:monocyte-derived"
"407";"DC:monocyte-derived:AEC-conditioned"
"408";"DC:monocyte-derived"
"409";"DC:monocyte-derived:AEC-conditioned"
"410";"DC:monocyte-derived"
"411";"DC:monocyte-derived:AEC-conditioned"
"412";"DC:monocyte-derived"
"413";"DC:monocyte-derived:AEC-conditioned"
"414";"DC:monocyte-derived"
"415";"DC:monocyte-derived:AEC-conditioned"
"416";"Tissue_stem_cells:lipoma-derived_MSC"
"417";"Tissue_stem_cells:lipoma-derived_MSC"
"418";"Tissue_stem_cells:adipose-derived_MSC_AM3"
"419";"Tissue_stem_cells:adipose-derived_MSC_AM3"
"420";"Endothelial_cells:HUVEC"
"421";"Endothelial_cells:HUVEC:FPV-infected"
"422";"Endothelial_cells:HUVEC:PR8-infected"
"423";"Endothelial_cells:HUVEC:H5N1-infected"
"424";"Endothelial_cells:HUVEC"
"425";"Endothelial_cells:HUVEC:FPV-infected"
"426";"Endothelial_cells:HUVEC:PR8-infected"
"427";"Endothelial_cells:HUVEC"
"428";"Endothelial_cells:HUVEC:FPV-infected"
"429";"Endothelial_cells:HUVEC:PR8-infected"
"430";"Endothelial_cells:HUVEC:H5N1-infected"
"431";"Endothelial_cells:HUVEC:H5N1-infected"
"432";"Macrophage:monocyte-derived"
"433";"Macrophage:monocyte-derived:S._aureus"
"434";"Macrophage:monocyte-derived"
"435";"Macrophage:monocyte-derived:S._aureus"
"436";"Macrophage:monocyte-derived"
"437";"Macrophage:monocyte-derived:S._aureus"
"438";"Macrophage:monocyte-derived"
"439";"Macrophage:monocyte-derived:S._aureus"
"440";"Macrophage:monocyte-derived"
"441";"Macrophage:monocyte-derived:S._aureus"
"442";"Macrophage:monocyte-derived"
"443";"Macrophage:monocyte-derived:S._aureus"
"444";"Macrophage:monocyte-derived"
"445";"Macrophage:monocyte-derived:S._aureus"
"446";"Macrophage:monocyte-derived"
"447";"Macrophage:monocyte-derived:S._aureus"
"448";"Macrophage:monocyte-derived"
"449";"Macrophage:monocyte-derived:S._aureus"
"450";"Macrophage:monocyte-derived"
"451";"Macrophage:monocyte-derived:S._aureus"
"452";"Macrophage:monocyte-derived"
"453";"Macrophage:monocyte-derived:S._aureus"
"454";"Macrophage:monocyte-derived"
"455";"Macrophage:monocyte-derived:S._aureus"
"456";"Macrophage:monocyte-derived"
"457";"Macrophage:monocyte-derived:S._aureus"
"458";"Macrophage:monocyte-derived"
"459";"Macrophage:monocyte-derived:S._aureus"
"460";"Macrophage:monocyte-derived"
"461";"Macrophage:monocyte-derived:S._aureus"
"462";"Fibroblasts:foreskin"
"463";"Fibroblasts:foreskin"
"464";"Fibroblasts:foreskin"
"465";"Fibroblasts:foreskin"
"466";"Endothelial_cells:HUVEC"
"467";"Endothelial_cells:HUVEC"
"468";"Smooth_muscle_cells:vascular"
"469";"Smooth_muscle_cells:vascular"
"470";"iPS_cells:skin_fibroblast-derived"
"471";"iPS_cells:skin_fibroblast-derived"
"472";"iPS_cells:skin_fibroblast-derived"
"473";"iPS_cells:skin_fibroblast"
"474";"iPS_cells:skin_fibroblast"
"475";"Embryonic_stem_cells"
"476";"Embryonic_stem_cells"
"477";"Embryonic_stem_cells"
"478";"Embryonic_stem_cells"
"479";"T_cell:gamma-delta"
"480";"T_cell:gamma-delta"
"481";"Monocyte:CD14+"
"482";"Monocyte:CD14+"
"483";"Monocyte:CD14+"
"484";"Macrophage:Alveolar"
"485";"Macrophage:Alveolar"
"486";"Macrophage:Alveolar"
"487";"Macrophage:Alveolar"
"488";"Macrophage:Alveolar:B._anthacis_spores"
"489";"Macrophage:Alveolar:B._anthacis_spores"
"490";"Macrophage:Alveolar:B._anthacis_spores"
"491";"Neutrophil"
"492";"Neutrophil:inflam"
"493";"Neutrophil:inflam"
"494";"Neutrophil:inflam"
"495";"Neutrophil:inflam"
"496";"iPS_cells:PDB_fibroblasts"
"497";"Embryonic_stem_cells"
"498";"Embryonic_stem_cells"
"499";"iPS_cells:PDB_1lox-17Puro-5"
"500";"iPS_cells:PDB_1lox-17Puro-10"
"501";"iPS_cells:PDB_1lox-21Puro-20"
"502";"iPS_cells:PDB_1lox-21Puro-26"
"503";"iPS_cells:PDB_2lox-5"
"504";"iPS_cells:PDB_2lox-22"
"505";"iPS_cells:PDB_2lox-21"
"506";"iPS_cells:PDB_2lox-17"
"507";"iPS_cells:CRL2097_foreskin"
"508";"iPS_cells:CRL2097_foreskin"
"509";"iPS_cells:CRL2097_foreskin"
"510";"iPS_cells:CRL2097_foreskin-derived:d20_hepatic_diff"
"511";"iPS_cells:CRL2097_foreskin-derived:d20_hepatic_diff"
"512";"iPS_cells:CRL2097_foreskin-derived:d20_hepatic_diff"
"513";"iPS_cells:CRL2097_foreskin-derived:undiff."
"514";"iPS_cells:CRL2097_foreskin-derived:undiff."
"515";"iPS_cells:CRL2097_foreskin-derived:undiff."
"516";"T_cell:CD4+"
"517";"T_cell:CD4+"
"518";"T_cell:CD4+"
"519";"T_cell:CD4+"
"520";"T_cell:CD4+"
"521";"T_cell:CD4+"
"522";"T_cell:CD4+"
"523";"T_cell:CD4+"
"524";"T_cell:CD4+"
"525";"T_cell:CD8+"
"526";"T_cell:CD8+"
"527";"T_cell:CD8+"
"528";"T_cell:CD8+"
"529";"T_cell:CD8+"
"530";"T_cell:CD8+"
"531";"T_cell:CD8+"
"532";"T_cell:CD8+"
"533";"T_cell:CD8+"
"534";"T_cell:CD8+"
"535";"Embryonic_stem_cells"
"536";"B_cell:CXCR4+_centroblast"
"537";"B_cell:CXCR4-_centrocyte"
"538";"B_cell:CXCR4+_centroblast"
"539";"B_cell:CXCR4-_centrocyte"
"540";"B_cell:CXCR4+_centroblast"
"541";"B_cell:CXCR4-_centrocyte"
"542";"B_cell:CXCR4+_centroblast"
"543";"B_cell:CXCR4-_centrocyte"
"544";"Endothelial_cells:HUVEC"
"545";"Endothelial_cells:HUVEC:VEGF"
"546";"Endothelial_cells:HUVEC:VEGF"
"547";"Endothelial_cells:HUVEC:VEGF"
"548";"iPS_cells:fibroblasts"
"549";"iPS_cells:fibroblast-derived:Direct_del._reprog"
"550";"iPS_cells:fibroblast-derived:Direct_del._reprog"
"551";"iPS_cells:fibroblast-derived:Retroviral_transf"
"552";"Endothelial_cells:lymphatic"
"553";"Endothelial_cells:lymphatic"
"554";"Endothelial_cells:lymphatic"
"555";"Endothelial_cells:lymphatic"
"556";"Endothelial_cells:lymphatic:KSHV"
"557";"Endothelial_cells:lymphatic:KSHV"
"558";"Endothelial_cells:lymphatic:KSHV"
"559";"Endothelial_cells:lymphatic:KSHV"
"560";"Endothelial_cells:blood_vessel"
"561";"Endothelial_cells:blood_vessel"
"562";"Endothelial_cells:blood_vessel"
"563";"Endothelial_cells:blood_vessel"
"564";"Endothelial_cells:blood_vessel"
"565";"Endothelial_cells:blood_vessel"
"566";"Endothelial_cells:blood_vessel"
"567";"Endothelial_cells:blood_vessel"
"568";"Chondrocytes:MSC-derived"
"569";"Chondrocytes:MSC-derived"
"570";"Chondrocytes:MSC-derived"
"571";"Chondrocytes:MSC-derived"
"572";"Chondrocytes:MSC-derived"
"573";"Macrophage:monocyte-derived"
"574";"Macrophage:monocyte-derived"
"575";"Macrophage:monocyte-derived"
"576";"Macrophage:monocyte-derived:IFNa"
"577";"Macrophage:monocyte-derived:IFNa"
"578";"Macrophage:monocyte-derived:IFNa"
"579";"Monocyte:CD16-"
"580";"Monocyte:CD16-"
"581";"Monocyte:CD16-"
"582";"Monocyte:CD16-"
"583";"Monocyte:CD16+"
"584";"Monocyte:CD16+"
"585";"Monocyte:CD16+"
"586";"Monocyte:CD16-"
"587";"Monocyte:CD16-"
"588";"Monocyte:CD16-"
"589";"Monocyte:CD16+"
"590";"Monocyte:CD16+"
"591";"Monocyte:CD16+"
"592";"Tissue_stem_cells:BM_MSC:osteogenic"
"593";"Tissue_stem_cells:BM_MSC:osteogenic"
"594";"Tissue_stem_cells:BM_MSC:osteogenic"
"595";"Tissue_stem_cells:BM_MSC:osteogenic"
"596";"Tissue_stem_cells:BM_MSC:osteogenic"
"597";"Tissue_stem_cells:BM_MSC:osteogenic"
"598";"Tissue_stem_cells:BM_MSC:osteogenic"
"599";"Tissue_stem_cells:BM_MSC:osteogenic"
"600";"Hepatocytes"
"601";"Hepatocytes"
"602";"Hepatocytes"
"603";"Neutrophil:uropathogenic_E._coli_UTI89"
"604";"Neutrophil:commensal_E._coli_MG1655"
"605";"Neutrophil:commensal_E._coli_MG1655"
"606";"Neutrophil"
"607";"Neutrophil"
"608";"MSC"
"609";"MSC"
"610";"MSC"
"611";"MSC"
"612";"MSC"
"613";"MSC"
"614";"MSC"
"615";"MSC"
"616";"MSC"
"617";"Neuroepithelial_cell:ESC-derived"
"618";"Astrocyte:Embryonic_stem_cell-derived"
"619";"Astrocyte:Embryonic_stem_cell-derived"
"620";"Endothelial_cells:HUVEC"
"621";"Endothelial_cells:HUVEC:IL-1b"
"622";"Endothelial_cells:HUVEC:IL-1b"
"623";"Endothelial_cells:HUVEC"
"624";"Endothelial_cells:HUVEC:IL-1b"
"625";"HSC_CD34+"
"626";"HSC_CD34+"
"627";"HSC_CD34+"
"628";"HSC_CD34+"
"629";"HSC_CD34+"
"630";"HSC_CD34+"
"631";"CMP"
"632";"CMP"
"633";"GMP"
"634";"GMP"
"635";"B_cell:immature"
"636";"B_cell:immature"
"637";"MEP"
"638";"MEP"
"639";"Myelocyte"
"640";"Myelocyte"
"641";"Pre-B_cell_CD34-"
"642";"Pre-B_cell_CD34-"
"643";"Pro-B_cell_CD34+"
"644";"Pro-B_cell_CD34+"
"645";"Pro-Myelocyte"
"646";"Pro-Myelocyte"
"647";"Endothelial_cells:HUVEC"
"648";"Endothelial_cells:HUVEC"
"649";"Smooth_muscle_cells:umbilical_vein"
"650";"Smooth_muscle_cells:umbilical_vein"
"651";"iPS_cells:foreskin_fibrobasts"
"652";"iPS_cells:iPS:minicircle-derived"
"653";"iPS_cells:iPS:minicircle-derived"
"654";"iPS_cells:iPS:minicircle-derived"
"655";"iPS_cells:iPS:minicircle-derived"
"656";"iPS_cells:iPS:minicircle-derived"
"657";"iPS_cells:adipose_stem_cells"
"658";"iPS_cells:adipose_stem_cells"
"659";"iPS_cells:adipose_stem_cells"
"660";"iPS_cells:adipose_stem_cell-derived:lentiviral"
"661";"iPS_cells:adipose_stem_cell-derived:lentiviral"
"662";"iPS_cells:adipose_stem_cell-derived:lentiviral"
"663";"iPS_cells:adipose_stem_cell-derived:minicircle-derived"
"664";"iPS_cells:adipose_stem_cell-derived:minicircle-derived"
"665";"iPS_cells:adipose_stem_cell-derived:minicircle-derived"
"666";"Fibroblasts:breast"
"667";"Fibroblasts:breast"
"668";"Fibroblasts:breast"
"669";"Fibroblasts:breast"
"670";"Fibroblasts:breast"
"671";"Fibroblasts:breast"
"672";"Monocyte:MCSF"
"673";"Monocyte:MCSF"
"674";"Monocyte:CXCL4"
"675";"Monocyte:CXCL4"
"676";"Embryonic_stem_cells"
"677";"Embryonic_stem_cells"
"678";"Embryonic_stem_cells"
"679";"Embryonic_stem_cells"
"680";"Embryonic_stem_cells"
"681";"Embryonic_stem_cells"
"682";"Embryonic_stem_cells"
"683";"Embryonic_stem_cells"
"684";"Neurons:adrenal_medulla_cell_line"
"685";"Neurons:adrenal_medulla_cell_line"
"686";"Neurons:adrenal_medulla_cell_line"
"687";"Neurons:adrenal_medulla_cell_line"
"688";"Neurons:adrenal_medulla_cell_line"
"689";"Neurons:adrenal_medulla_cell_line"
"690";"Tissue_stem_cells:CD326-CD56+"
"691";"Tissue_stem_cells:CD326-CD56+"
"692";"Tissue_stem_cells:CD326-CD56+"
"693";"NK_cell:CD56hiCD62L+"
"694";"T_cell:Treg:Naive"
"695";"T_cell:Treg:Naive"
"696";"T_cell:CD4+_Naive"
"697";"T_cell:CD4+_Naive"
"698";"Neutrophil:LPS"
"699";"Neutrophil:LPS"
"700";"Neutrophil:LPS"
"701";"Neutrophil:LPS"
"702";"Neutrophil:GM-CSF_IFNg"
"703";"Neutrophil:GM-CSF_IFNg"
"704";"Neutrophil:GM-CSF_IFNg"
"705";"Neutrophil:GM-CSF_IFNg"
"706";"Endothelial_cells:HUVEC"
"707";"Monocyte"
"708";"Monocyte"
"709";"Monocyte:S._typhimurium_flagellin"
"710";"Neurons:Schwann_cell"
"711";"Neurons:Schwann_cell"
"712";"Neurons:Schwann_cell"
"713";"Neurons:Schwann_cell"
